{
    "epoch": 2.9899665551839467,
    "total_flos": 2.3036200692793344e+17,
    "train_loss": 0.27048428039956146,
    "train_runtime": 4317.6635,
    "train_samples_per_second": 0.416,
    "train_steps_per_second": 0.104
}