{
    "epoch": 1.9971469329529246,
    "total_flos": 8163983240462336.0,
    "train_loss": 0.2218504728589739,
    "train_runtime": 485.0364,
    "train_samples_per_second": 11.562,
    "train_steps_per_second": 0.722
}