{
    "epoch": 1.9977020298736117,
    "total_flos": 7.061069497761792e+16,
    "train_loss": 0.14523370563983917,
    "train_runtime": 1397.9836,
    "train_samples_per_second": 7.471,
    "train_steps_per_second": 0.933
}