{
    "epoch": 9.75609756097561,
    "total_flos": 1.993339011208315e+17,
    "train_loss": 0.21527897000312804,
    "train_runtime": 579.6655,
    "train_samples_per_second": 11.144,
    "train_steps_per_second": 0.173
}