{
    "comics_er_gemma-2-9b-it-bnb-4bit": {
        "AN": {
            "precision": 0.5080527086383602,
            "recall": 0.5651465798045603,
            "f1-score": 0.5350809560524287,
            "support": 614.0
        },
        "DI": {
            "precision": 0.08737864077669903,
            "recall": 0.21176470588235294,
            "f1-score": 0.12371134020618557,
            "support": 85.0
        },
        "FE": {
            "precision": 0.33663366336633666,
            "recall": 0.4176904176904177,
            "f1-score": 0.37280701754385964,
            "support": 407.0
        },
        "JO": {
            "precision": 0.4568245125348189,
            "recall": 0.3822843822843823,
            "f1-score": 0.41624365482233505,
            "support": 429.0
        },
        "Neutral": {
            "precision": 0.32142857142857145,
            "recall": 0.06976744186046512,
            "f1-score": 0.11464968152866242,
            "support": 129.0
        },
        "SA": {
            "precision": 0.3229166666666667,
            "recall": 0.2680115273775216,
            "f1-score": 0.2929133858267717,
            "support": 347.0
        },
        "SU": {
            "precision": 0.42757009345794394,
            "recall": 0.3765432098765432,
            "f1-score": 0.40043763676148797,
            "support": 486.0
        },
        "accuracy": 0.39407288746495794,
        "macro avg": {
            "precision": 0.3515435509813424,
            "recall": 0.3273154663966062,
            "f1-score": 0.3222633818202473,
            "support": 2497.0
        },
        "weighted avg": {
            "precision": 0.4059569879478129,
            "recall": 0.39407288746495794,
            "f1-score": 0.39263099729996787,
            "support": 2497.0
        }
    },
    "comics_er_llama-3-8b-Instruct-bnb-4bit": {
        "AN": {
            "precision": 0.4951590594744122,
            "recall": 0.5830618892508144,
            "f1-score": 0.5355272999252056,
            "support": 614.0
        },
        "DI": {
            "precision": 0.09223300970873786,
            "recall": 0.2235294117647059,
            "f1-score": 0.13058419243986255,
            "support": 85.0
        },
        "FE": {
            "precision": 0.32083333333333336,
            "recall": 0.3783783783783784,
            "f1-score": 0.34723788049605414,
            "support": 407.0
        },
        "JO": {
            "precision": 0.42105263157894735,
            "recall": 0.3543123543123543,
            "f1-score": 0.3848101265822785,
            "support": 429.0
        },
        "Neutral": {
            "precision": 0.4166666666666667,
            "recall": 0.03875968992248062,
            "f1-score": 0.07092198581560284,
            "support": 129.0
        },
        "SA": {
            "precision": 0.2808219178082192,
            "recall": 0.23631123919308358,
            "f1-score": 0.2566510172143975,
            "support": 347.0
        },
        "SU": {
            "precision": 0.44680851063829785,
            "recall": 0.3888888888888889,
            "f1-score": 0.4158415841584158,
            "support": 486.0
        },
        "accuracy": 0.3840608730476572,
        "macro avg": {
            "precision": 0.3533678756012306,
            "recall": 0.3147488359586723,
            "f1-score": 0.3059391552331167,
            "support": 2497.0
        },
        "weighted avg": {
            "precision": 0.39704539671855493,
            "recall": 0.3840608730476572,
            "f1-score": 0.37910637934391467,
            "support": 2497.0
        }
    },
    "comics_er_Meta-Llama-3.1-8b-Instruct-bnb-4bit": {
        "AN": {
            "precision": 0.5298621745788668,
            "recall": 0.5635179153094463,
            "f1-score": 0.5461720599842147,
            "support": 614.0
        },
        "DI": {
            "precision": 0.08163265306122448,
            "recall": 0.1411764705882353,
            "f1-score": 0.10344827586206896,
            "support": 85.0
        },
        "FE": {
            "precision": 0.3270547945205479,
            "recall": 0.4692874692874693,
            "f1-score": 0.3854692230070636,
            "support": 407.0
        },
        "JO": {
            "precision": 0.451505016722408,
            "recall": 0.3146853146853147,
            "f1-score": 0.3708791208791209,
            "support": 429.0
        },
        "Neutral": {
            "precision": 0.2692307692307692,
            "recall": 0.05426356589147287,
            "f1-score": 0.09032258064516129,
            "support": 129.0
        },
        "SA": {
            "precision": 0.3114754098360656,
            "recall": 0.3285302593659942,
            "f1-score": 0.31977559607293127,
            "support": 347.0
        },
        "SU": {
            "precision": 0.46919431279620855,
            "recall": 0.4074074074074074,
            "f1-score": 0.43612334801762115,
            "support": 486.0
        },
        "accuracy": 0.40168201842210655,
        "macro avg": {
            "precision": 0.3485650186780129,
            "recall": 0.32555262893362,
            "f1-score": 0.32174145778116886,
            "support": 2497.0
        },
        "weighted avg": {
            "precision": 0.41246386732408724,
            "recall": 0.40168201842210655,
            "f1-score": 0.39836025501669936,
            "support": 2497.0
        }
    },
    "comics_er_Qwen2-7B-Instruct-bnb-4bit": {
        "AN": {
            "precision": 0.5065693430656935,
            "recall": 0.5651465798045603,
            "f1-score": 0.5342571208622017,
            "support": 614.0
        },
        "DI": {
            "precision": 0.087248322147651,
            "recall": 0.15294117647058825,
            "f1-score": 0.1111111111111111,
            "support": 85.0
        },
        "FE": {
            "precision": 0.28421052631578947,
            "recall": 0.39803439803439805,
            "f1-score": 0.33162743091095187,
            "support": 407.0
        },
        "JO": {
            "precision": 0.46226415094339623,
            "recall": 0.34265734265734266,
            "f1-score": 0.39357429718875503,
            "support": 429.0
        },
        "Neutral": {
            "precision": 0.41379310344827586,
            "recall": 0.09302325581395349,
            "f1-score": 0.1518987341772152,
            "support": 129.0
        },
        "SA": {
            "precision": 0.3008595988538682,
            "recall": 0.3025936599423631,
            "f1-score": 0.3017241379310345,
            "support": 347.0
        },
        "SU": {
            "precision": 0.4609571788413098,
            "recall": 0.3765432098765432,
            "f1-score": 0.4144960362400906,
            "support": 486.0
        },
        "accuracy": 0.3880656788145775,
        "macro avg": {
            "precision": 0.359414603373712,
            "recall": 0.3187056603713927,
            "f1-score": 0.31981269548876573,
            "support": 2497.0
        },
        "weighted avg": {
            "precision": 0.40618240650946164,
            "recall": 0.3880656788145775,
            "f1-score": 0.3872776694882593,
            "support": 2497.0
        }
    },
    "comics_Phi-3-mini-4k-instruct-bnb-4bit": {
        "AN": {
            "precision": 0.46676737160120846,
            "recall": 0.503257328990228,
            "f1-score": 0.4843260188087774,
            "support": 614.0
        },
        "DI": {
            "precision": 0.07471264367816093,
            "recall": 0.15294117647058825,
            "f1-score": 0.10038610038610038,
            "support": 85.0
        },
        "FE": {
            "precision": 0.29044117647058826,
            "recall": 0.3882063882063882,
            "f1-score": 0.3322818086225026,
            "support": 407.0
        },
        "JO": {
            "precision": 0.39331619537275064,
            "recall": 0.35664335664335667,