{
    "zs_llama-3-8b-Instruct-bnb-4bit": {
        "anger": {
            "precision": 0.5346074380165289,
            "recall": 0.5778894472361809,
            "f1-score": 0.5554064931580359,
            "support": 1791.0
        },
        "surprise": {
            "precision": 0.47513440860215056,
            "recall": 0.4446540880503145,
            "f1-score": 0.45938921377517866,
            "support": 1590.0
        },
        "fear": {
            "precision": 0.210896309314587,
            "recall": 0.08739985433357611,
            "f1-score": 0.12358393408856849,
            "support": 1373.0
        },
        "disgust": {
            "precision": 0.059244126659857,
            "recall": 0.1864951768488746,
            "f1-score": 0.08992248062015504,
            "support": 311.0
        },
        "sadness": {
            "precision": 0.38286713286713286,
            "recall": 0.17689822294022617,
            "f1-score": 0.2419889502762431,
            "support": 1238.0
        },
        "joy": {
            "precision": 0.43972999035679844,
            "recall": 0.41304347826086957,
            "f1-score": 0.42596917328351236,
            "support": 1104.0
        },
        "neutral": {
            "precision": 0.19438444924406048,
            "recall": 0.26239067055393583,
            "f1-score": 0.22332506203473945,
            "support": 343.0
        },
        "micro avg": {
            "precision": 0.381175468483816,
            "recall": 0.3464516129032258,
            "f1-score": 0.3629849939164526,
            "support": 7750.0
        },
        "macro avg": {
            "precision": 0.32812340786587363,
            "recall": 0.30696727688913966,
            "f1-score": 0.30279790103377613,
            "support": 7750.0
        },
        "weighted avg": {
            "precision": 0.3931685771844251,
            "recall": 0.3464516129032258,
            "f1-score": 0.35732403821289693,
            "support": 7750.0
        },
        "samples avg": {
            "precision": 0.37189196011611764,
            "recall": 0.3580714375867727,
            "f1-score": 0.3629162835145417,
            "support": 7750.0
        }
    },
    "zs_Meta-Llama-3.1-8B-Instruct-bnb-4bit": {
        "anger": {
            "precision": 0.47874535699546017,
            "recall": 0.6476828587381351,
            "f1-score": 0.550545799715235,
            "support": 1791.0
        },
        "surprise": {
            "precision": 0.5918635170603674,
            "recall": 0.28364779874213836,
            "f1-score": 0.3835034013605442,
            "support": 1590.0
        },
        "fear": {
            "precision": 0.1969111969111969,
            "recall": 0.07428987618353969,
            "f1-score": 0.10787942887361185,
            "support": 1373.0
        },
        "disgust": {
            "precision": 0.058333333333333334,
            "recall": 0.18006430868167203,
            "f1-score": 0.08811959087332809,
            "support": 311.0
        },
        "sadness": {
            "precision": 0.36717428087986465,
            "recall": 0.1752827140549273,
            "f1-score": 0.23728813559322035,
            "support": 1238.0
        },
        "joy": {
            "precision": 0.42842842842842843,
            "recall": 0.38768115942028986,
            "f1-score": 0.4070375653827865,
            "support": 1104.0
        },
        "neutral": {
            "precision": 0.1989247311827957,
            "recall": 0.3236151603498542,
            "f1-score": 0.24639289678135406,
            "support": 343.0
        },
        "micro avg": {
            "precision": 0.3707238290999853,
            "recall": 0.3258064516129032,
            "f1-score": 0.3468168395027814,
            "support": 7750.0
        },
        "macro avg": {
            "precision": 0.33148297782734953,
            "recall": 0.29603769659579376,
            "f1-score": 0.2886809740828686,
            "support": 7750.0
        },
        "weighted avg": {
            "precision": 0.39777736697297417,
            "recall": 0.3258064516129032,
            "f1-score": 0.3353505202195268,
            "support": 7750.0
        },
        "samples avg": {
            "precision": 0.357976776473558,
            "recall": 0.3412848668433674,
            "f1-score": 0.3471277113647428,
            "support": 7750.0
        }
    },
    "zs_Qwen2-7B-Instruct-bnb-4bit": {
        "anger": {
            "precision": 0.5115303983228512,
            "recall": 0.6811836962590732,
            "f1-score": 0.5842911877394636,
            "support": 1791.0
        },
        "surprise": {
            "precision": 0.7245370370370371,
            "recall": 0.1968553459119497,
            "f1-score": 0.3095944609297725,
            "support": 1590.0
        },
        "fear": {
            "precision": 0.2320754716981132,
            "recall": 0.08958485069191552,
            "f1-score": 0.12926957435627956,
            "support": 1373.0
        },
        "disgust": {
            "precision": 0.06623586429725363,
            "recall": 0.26366559485530544,
            "f1-score": 0.10587475790832795,
            "support": 311.0
        },
        "sadness": {
            "precision": 0.3551587301587302,
            "recall": 0.14458804523424879,
            "f1-score": 0.20551090700344432,
            "support": 1238.0
        },
        "joy": {
            "precision": 0.4556040756914119,
            "recall": 0.28351449275362317,
            "f1-score": 0.34952540480178673,
            "support": 1104.0
        },
        "neutral": {
            "precision": 0.14102564102564102,
            "recall": 0.60932944606414,
            "f1-score": 0.22904109589041097,
            "support": 343.0
        },
        "micro avg": {
            "precision": 0.3360429870487738,
            "recall": 0.31470967741935485,
            "f1-score": 0.3250266524520256,
            "support": 7750.0
        },
        "macro avg": {
            "precision": 0.3551667454615769,
            "recall": 0.32410306739575084,
            "f1-score": 0.2733010555184979,
            "support": 7750.0
        },
        "weighted avg": {
            "precision": 0.43850954981866996,
            "recall": 0.31470967741935485,
            "f1-score": 0.31845090723641634,
            "support": 7750.0
        },
        "samples avg": {
            "precision": 0.34355673356051997,
            "recall": 0.32995708696200937,
            "f1-score": 0.33472620399920666,
            "support": 7750.0
        }
    },
    "zs_Qwen2.5-1.5B-Instruct-bnb-4bit": {
        "anger": {
            "precision": 0.5207207207207207,
            "recall": 0.32272473478503627,
            "f1-score": 0.3984832816270252,
            "support": 1791.0
        },
        "surprise": {
            "precision": 0.7027027027027027,
            "recall": 0.016352201257861635,
            "f1-score": 0.03196066379840197,
            "support": 1590.0
        },
        "fear": {
            "precision": 0.1926070038910506,
            "recall": 0.0721048798252003,
            "f1-score": 0.10492845786963434,
            "support": 1373.0
        },
        "disgust": {
            "precision": 0.06439024390243903,
            "recall": 0.21221864951768488,
            "f1-score": 0.09880239520958084,
            "support": 311.0
        },
        "sadness": {
            "precision": 0.27790973871733965,
            "recall": 0.09450726978998385,
            "f1-score": 0.1410488245931284,
            "support": 1238.0
        },
        "joy": {
            "precision": 0.35180995475113125,
            "recall": 0.2817028985507246,
            "f1-score": 0.31287726358148893,
            "support": 1104.0
        },
        "neutral": {
            "precision": 0.07916666666666666,
            "recall": 0.7755102040816326,
            "f1-score": 0.14366729678638943,
            "support": 343.0
        },