{
    "epoch": 7.901234567901234,
    "eval_loss": 0.43110576272010803,
    "eval_runtime": 2.2413,
    "eval_samples_per_second": 32.124,
    "eval_steps_per_second": 2.231
}