{
    "epoch": 7.876923076923077,
    "total_flos": 1.1587992188910305e+18,
    "train_loss": 0.19624657550593838,
    "train_runtime": 4698.2005,
    "train_samples_per_second": 1.1,
    "train_steps_per_second": 0.027
}