{
    "epoch": 1.9977020298736117,
    "total_flos": 1.1276851019828429e+17,
    "train_loss": 0.17923508317101222,
    "train_runtime": 3410.977,
    "train_samples_per_second": 3.062,
    "train_steps_per_second": 0.382
}