{
    "epoch": 7.901234567901234,
    "eval_loss": 0.3081715703010559,
    "eval_runtime": 2.242,
    "eval_samples_per_second": 32.114,
    "eval_steps_per_second": 2.23
}