{
    "epoch": 7.901234567901234,
    "total_flos": 1.4378628109094093e+17,
    "train_loss": 0.4043539797887206,
    "train_runtime": 897.8693,
    "train_samples_per_second": 5.756,
    "train_steps_per_second": 0.356
}