{
    "epoch": 1.9977020298736117,
    "total_flos": 2.61424786341888e+17,
    "train_loss": 0.13533600163788884,
    "train_runtime": 2736.3112,
    "train_samples_per_second": 3.817,
    "train_steps_per_second": 0.477
}