{
    "epoch": 1.9977020298736117,
    "total_flos": 1.2274115547866726e+17,
    "train_loss": 0.17322907011750285,
    "train_runtime": 4465.3724,
    "train_samples_per_second": 2.339,
    "train_steps_per_second": 0.292
}