{
    "epoch": 3.0,
    "total_flos": 1.96680929081557e+17,
    "train_loss": 0.15033933229870716,
    "train_runtime": 3872.0214,
    "train_samples_per_second": 5.85,
    "train_steps_per_second": 0.366
}