{
    "icl_Meta-Llama-3.1-8B-Instruct-bnb-4bit": {
        "anger": {
            "precision": 0.5887850467289719,
            "recall": 0.6156351791530945,
            "f1-score": 0.6019108280254777,
            "support": 614.0
        },
        "surprise": {
            "precision": 0.6430107526881721,
            "recall": 0.6164948453608248,
            "f1-score": 0.6294736842105263,
            "support": 485.0
        },
        "fear": {
            "precision": 0.47642679900744417,
            "recall": 0.4729064039408867,
            "f1-score": 0.4746600741656366,
            "support": 406.0
        },
        "disgust": {
            "precision": 0.24324324324324326,
            "recall": 0.3176470588235294,
            "f1-score": 0.2755102040816326,
            "support": 85.0
        },
        "sadness": {
            "precision": 0.4208955223880597,
            "recall": 0.40634005763688763,
            "f1-score": 0.41348973607038125,
            "support": 347.0
        },
        "joy": {
            "precision": 0.56,
            "recall": 0.62004662004662,
            "f1-score": 0.588495575221239,
            "support": 429.0
        },
        "neutral": {
            "precision": 0.1694915254237288,
            "recall": 0.07751937984496124,
            "f1-score": 0.10638297872340426,
            "support": 129.0
        },
        "micro avg": {
            "precision": 0.5273092369477912,
            "recall": 0.5262525050100201,
            "f1-score": 0.5267803410230693,
            "support": 2495.0
        },
        "macro avg": {
            "precision": 0.4431218413542314,
            "recall": 0.44665564925811496,
            "f1-score": 0.4414175829283282,
            "support": 2495.0
        },
        "weighted avg": {
            "precision": 0.5192923217901275,
            "recall": 0.5262525050100201,
            "f1-score": 0.5213095339276909,
            "support": 2495.0
        },
        "samples avg": {
            "precision": 0.5024882629107981,
            "recall": 0.5018309859154929,
            "f1-score": 0.502093896713615,
            "support": 2495.0
        }
    },
    "icl_Phi-3-mini-4k-instruct": {
        "anger": {
            "precision": 0.5566666666666666,
            "recall": 0.5439739413680782,
            "f1-score": 0.5502471169686985,
            "support": 614.0
        },
        "surprise": {
            "precision": 0.6790830945558739,
            "recall": 0.4876543209876543,
            "f1-score": 0.5676646706586826,
            "support": 486.0
        },
        "fear": {
            "precision": 0.3775700934579439,
            "recall": 0.4963144963144963,
            "f1-score": 0.4288747346072187,
            "support": 407.0
        },
        "disgust": {
            "precision": 0.12413793103448276,
            "recall": 0.21176470588235294,
            "f1-score": 0.1565217391304348,
            "support": 85.0
        },
        "sadness": {
            "precision": 0.42292490118577075,
            "recall": 0.30835734870317005,
            "f1-score": 0.3566666666666667,
            "support": 347.0
        },
        "joy": {
            "precision": 0.5317286652078774,
            "recall": 0.5664335664335665,
            "f1-score": 0.5485327313769752,
            "support": 429.0
        },
        "neutral": {
            "precision": 0.16911764705882354,
            "recall": 0.17829457364341086,
            "f1-score": 0.17358490566037735,
            "support": 129.0
        },
        "micro avg": {
            "precision": 0.4703030303030303,
            "recall": 0.46615939126952344,
            "f1-score": 0.4682220434432824,
            "support": 2497.0
        },
        "macro avg": {
            "precision": 0.40874699988106267,
            "recall": 0.3989704219046756,
            "f1-score": 0.3974417950098649,
            "support": 2497.0
        },
        "weighted avg": {
            "precision": 0.4936856964433449,
            "recall": 0.46615939126952344,
            "f1-score": 0.47379633660167003,
            "support": 2497.0
        },
        "samples avg": {
            "precision": 0.45411036036036034,
            "recall": 0.4509196696696696,
            "f1-score": 0.45210210210210205,
            "support": 2497.0
        }
    },
    "icl_Qwen2-7B-Instruct-bnb-4bit": {
        "anger": {
            "precision": 0.6659877800407332,
            "recall": 0.5325732899022801,
            "f1-score": 0.5918552036199095,
            "support": 614.0
        },
        "surprise": {
            "precision": 0.6237373737373737,
            "recall": 0.5082304526748971,
            "f1-score": 0.5600907029478458,
            "support": 486.0
        },
        "fear": {
            "precision": 0.4008097165991903,
            "recall": 0.24324324324324326,
            "f1-score": 0.30275229357798167,
            "support": 407.0
        },
        "disgust": {
            "precision": 0.10704960835509138,
            "recall": 0.4823529411764706,
            "f1-score": 0.1752136752136752,
            "support": 85.0
        },
        "sadness": {
            "precision": 0.4180790960451977,
            "recall": 0.2132564841498559,
            "f1-score": 0.2824427480916031,
            "support": 347.0
        },
        "joy": {
            "precision": 0.5501285347043702,
            "recall": 0.4988344988344988,
            "f1-score": 0.5232273838630807,
            "support": 429.0
        },
        "neutral": {
            "precision": 0.14166666666666666,
            "recall": 0.3953488372093023,
            "f1-score": 0.2085889570552147,
            "support": 129.0
        },
        "micro avg": {
            "precision": 0.4310274252967663,
            "recall": 0.42170604725670807,
            "f1-score": 0.4263157894736842,
            "support": 2497.0
        },
        "macro avg": {
            "precision": 0.4153512537355176,
            "recall": 0.4105485353129354,
            "f1-score": 0.37773870919561586,
            "support": 2497.0
        },
        "weighted avg": {
            "precision": 0.5140709730329537,
            "recall": 0.42170604725670807,
            "f1-score": 0.4497784057908887,
            "support": 2497.0
        },
        "samples avg": {
            "precision": 0.4259572072072072,
            "recall": 0.4189658408408408,
            "f1-score": 0.42140712140712144,
            "support": 2497.0
        }
    },
    "icl_Qwen2.5-1.5B-Instruct-bnb-4bit": {
        "anger": {
            "precision": 0.5067873303167421,
            "recall": 0.5481239804241436,
            "f1-score": 0.5266457680250783,
            "support": 613.0
        },
        "surprise": {
            "precision": 0.7685185185185185,
            "recall": 0.17148760330578514,
            "f1-score": 0.28040540540540543,
            "support": 484.0
        },
        "fear": {
            "precision": 0.3471337579617834,
            "recall": 0.2684729064039409,
            "f1-score": 0.30277777777777776,
            "support": 406.0
        },
        "disgust": {
            "precision": 0.10122699386503067,
            "recall": 0.38823529411764707,
            "f1-score": 0.16058394160583941,
            "support": 85.0
        },
        "sadness": {
            "precision": 0.3305084745762712,
            "recall": 0.11304347826086956,
            "f1-score": 0.16846652267818574,
            "support": 345.0
        },
        "joy": {
            "precision": 0.5361216730038023,
            "recall": 0.33176470588235296,
            "f1-score": 0.40988372093023256,
            "support": 425.0
        },
        "neutral": {
            "precision": 0.09041591320072333,
            "recall": 0.390625,
            "f1-score": 0.14684287812041116,
            "support": 128.0
        },
        "micro avg": {
            "precision": 0.3373134328358209,